,A,B,C,D,E
0,0.4739359,0.021142855,0.45397115,1.6429206,0.083574876
1,-1.1082745,-0.23878542,-0.4239976,-0.06960554,-0.28792465
2,0.016109258,-0.30609494,0.26172507,0.851424,0.47904205
3,0.8068123,0.9854263,-0.5338403,0.54287624,-0.22979428
4,-0.7684315,-0.026102666,0.14827894,-0.90579534,-0.111472934
5,-0.087404825,-0.32853356,0.16892283,0.73361075,0.49800336
6,0.031352445,0.14570732,-0.59549,-1.1417779,0.2689259
7,-0.72015625,-0.09999448,1.2147785,-0.32175973,-0.53903335
8,-0.92084974,-0.29419333,-0.8383108,0.49660528,-0.059473533
9,-0.47157836,-0.011929799,0.58260745,-1.2189071,-0.17688587
10,-0.6743809,0.0057318136,-0.4821178,-0.9009423,0.07721417
11,0.6689571,-0.05118278,-0.10278763,-0.95413923,0.1269361
12,-0.6521507,0.011900809,-0.51274484,-0.904441,0.0955832
13,-0.5164031,-0.020072471,0.5126404,-1.1553347,-0.15246482
14,0.9710023,-0.187525,0.1394021,-0.65625566,-0.025898162
15,-1.0196837,-0.18850604,-0.6132784,-0.18583207,-0.17105888
16,-0.5069977,-0.030220307,0.44552025,-1.1416719,-0.11369078
17,1.2439626,-0.15570319,0.24191006,-0.7937443,-0.105393544
18,0.42598337,0.5782375,-0.046856053,1.1346503,-0.12663218
19,0.24691568,-0.36947393,1.4450336,0.16698007,0.057218295
20,0.75489664,0.8991349,-0.67746645,0.36914128,-0.115231514
21,0.40907818,0.19946343,0.26511618,1.4290581,0.0111162625
22,0.7812565,1.016644,-0.29049885,0.8885197,-0.34346956
23,0.6503541,0.86115634,-0.3200825,0.87081397,-0.208065
24,0.29527786,-0.2302087,0.43204218,1.4081212,0.3315914
25,0.17904495,-0.36673498,1.1824905,0.24633826,0.15300472
26,-1.0364681,-0.3114855,-0.7211318,0.36687768,-0.20716293
27,0.8120529,1.0056907,-0.4562674,0.64757067,-0.26915523
28,-0.05065243,-0.34758222,0.22489996,0.7277267,0.5040037
29,1.1059378,-0.17666489,0.18254305,-0.7410941,-0.05688217
30,0.3317131,0.18355021,-0.5894862,-0.976293,0.23434813
31,-0.4967856,0.03458399,-0.6795406,-0.8792484,0.17021446
32,-1.0934143,-0.1696887,0.3703175,-0.13165899,-0.5137925
33,0.4210341,0.5222975,-0.9753351,0.18403827,0.28536487
34,1.1812901,-0.15578938,0.22876966,-0.69438106,-0.10228573
35,0.44955125,0.08668901,-0.43184358,-1.0247829,0.23214595
36,-0.19809358,0.12749206,-0.5977639,-1.110185,0.25749993
37,-0.7810523,-0.03928968,-0.35812142,-0.81259483,-0.008494157
38,-0.59217435,0.045583703,-0.08433543,-1.1030253,0.045861017
39,0.44988674,0.010541145,0.41554448,1.5718808,0.113257006
40,0.046100736,-0.38640186,0.58253914,0.55244213,0.4050656
41,-1.099909,-0.30710146,-0.61369574,0.2439865,-0.27169374
42,1.0637801,-0.17984901,0.1703185,-0.70023227,-0.049919073
43,0.44734547,0.15471594,0.329534,1.5144645,0.021736186
44,-1.1193489,-0.32598254,-0.55223924,0.26261476,-0.30790806
45,-0.49741814,-0.0077014305,0.30136332,-1.1494013,-0.056216735
46,-1.1168654,-0.3336693,-0.5341891,0.28230542,-0.31251687
47,0.5579977,0.6180437,-1.0346607,-0.004516782,0.2059281
48,-1.0962812,-0.23492008,-0.46622652,-0.070665225,-0.26949793
49,-0.8725484,-0.10128318,0.88916993,-0.33091244,-0.50979334
50,0.85454494,-0.18631467,0.11501419,-0.7394463,0.01668062
51,0.13057384,0.14401539,-0.6221131,-1.0780263,0.26807508
52,-1.1852468,-0.30553758,-0.2411107,0.10400684,-0.415101
53,0.23852225,0.13620749,-0.559625,-1.0831101,0.2623334
54,0.28116813,-0.3785216,1.5299914,0.17389092,0.042818334
55,-0.39419577,0.08803752,-0.6196129,-1.0309496,0.22413804
56,0.62887704,0.8500865,-0.2644855,0.9458069,-0.2263689
57,0.17544712,-0.4197829,0.83750004,0.5403034,0.37984896
58,-0.680842,-0.055233065,1.2623324,-0.5332512,-0.51072145
59,1.1383847,-0.17103904,0.19511326,-0.7475914,-0.068825826
60,-0.64940274,0.016153917,-0.48699173,-0.9253903,0.09455262
61,-0.96050555,-0.31834614,-0.7829268,0.5004356,-0.105732664
62,0.027441114,0.20697413,-0.7442027,-0.92411613,0.23988004
63,-0.18048997,0.20687108,-1.1431593,0.30154017,0.2612089
64,-0.6674618,-0.032965187,0.4229521,-0.99055374,-0.162321
65,-0.6714631,-0.0852766,1.3177924,-0.3826004,-0.544081
66,0.96078473,-0.16975977,0.17018607,-0.90005064,-0.003948558
67,0.85163116,-0.18829009,0.11354214,-0.7088879,0.013977893
68,0.8083767,-0.15887116,0.052446775,-0.74568415,0.04084691
69,-0.04156565,-0.34259233,0.22997387,0.7384617,0.5018813
70,-0.7266764,-0.07947302,1.1886345,-0.42330942,-0.5228115
71,-0.87593776,-0.10221085,-0.60075563,-0.545365,-0.05573414
72,0.17019813,-0.37750122,1.0733432,0.3131494,0.21101753
73,-0.5913558,4.113838e-05,-0.684541,-0.8008706,0.13106571
74,0.18036406,-0.35512397,1.2694387,0.18576087,0.10330297
75,0.5093009,0.5783252,-1.0479834,0.010971935,0.24332552
76,-0.88030833,-0.10410485,-0.5849449,-0.54707026,-0.060577746
77,-0.98841715,-0.3220845,-0.7837172,0.48396295,-0.13628358
78,0.36264032,0.10948956,-0.45677575,-1.1140256,0.25143418
79,0.2106673,-0.14595978,0.3107417,1.2365268,0.30616143
80,-0.74762374,-0.14474308,0.982502,-0.18675126,-0.46437645
81,0.514707,0.58869195,-0.9849751,0.11090086,0.2332771
82,-0.6222259,-0.022501823,-0.7262923,-0.7148764,0.11352055
83,0.2645148,-0.21457946,0.39405185,1.3483146,0.33225358
84,0.550126,0.6100833,-1.0446179,-0.012705563,0.2164502
85,0.3759295,0.524518,-1.0882224,0.065039106,0.2594693
86,0.024654225,-0.30364826,1.0682875,0.1690623,0.10496767
87,0.5057332,0.7148764,-0.21961482,1.007365,-0.14311062
88,-0.08110374,-0.354607,0.20293906,0.7024079,0.5057029
89,-0.11775356,0.13768421,-0.6205218,-1.1079341,0.26570958
90,-1.0928786,-0.17572102,0.36090267,-0.1211067,-0.5152845
91,0.6472428,0.7126558,-0.9929719,0.0065284916,0.1113707
92,-0.9755003,-0.31149054,-0.81092376,0.47912946,-0.120560855
93,1.3030795,-0.1505296,0.26655838,-0.8881198,-0.12193966
94,-0.7570022,-0.04842439,-0.59342813,-0.71881384,0.03034174
95,0.792712,0.9663432,-0.5624333,0.5106696,-0.203184
96,0.7066195,0.78085035,-0.9355867,0.054642938,0.03969067
97,-1.0204428,-0.1396124,0.58452433,-0.17847182,-0.51058567
98,0.1841607,-0.45248488,0.70407575,0.70157915,0.4851042
99,-0.27232924,0.115306705,-0.6281694,-1.0696819,0.24570133
100,0.18783395,-0.34104872,1.3987676,0.10439398,0.034672465
101,-0.4658326,0.034350984,-0.7064254,-0.8616598,0.17430298
102,0.46286753,0.07494049,-0.3955875,-1.041705,0.22700526
103,0.11172703,-0.40350947,0.66872317,0.5685641,0.41712797
104,-0.67370886,-0.02103069,-0.6337008,-0.7743234,0.088307396
105,-0.41849518,-0.016787853,0.55952466,-1.2405093,-0.14864263
106,-0.90350395,-0.11800215,0.84092283,-0.2507899,-0.5187245
107,-0.976175,-0.16033228,-0.5868869,-0.32209212,-0.13785817
108,0.12654158,-0.10808565,0.22607529,1.1025946,0.31015247
109,-0.049534783,0.29230887,-1.1284554,0.27355963,0.27861232
110,-0.6811493,-0.10870865,1.2509742,-0.28455055,-0.5263368
111,1.1564873,-0.16722548,0.20807885,-0.8424573,-0.06498696
112,1.4622545,-0.118096724,0.34328902,-0.9322028,-0.19306548
113,0.08538827,-0.33547008,0.9850105,0.2738648,0.19862986
114,0.08982107,-0.42065513,0.41026127,0.80853707,0.55041915
115,-0.9878787,-0.26637724,-0.80922115,0.30822733,-0.15163542
116,-1.0227476,-0.31852844,-0.75228524,0.419805,-0.18312038
117,-0.8273507,-0.108690366,0.9926806,-0.29113474,-0.5246429
118,0.1803587,0.14168824,-0.5616707,-1.1268026,0.26456428
119,0.40786865,0.09968966,-0.45440477,-1.0641497,0.24400152
120,-1.1551709,-0.32191378,-0.4360542,0.1921779,-0.3625285
121,-0.26766756,0.15028083,-1.1510491,0.3233583,0.2508758
122,-0.37021917,-0.33502033,0.31530094,0.45620853,0.20877506
123,0.45938808,0.35670385,0.23640473,1.4384913,-0.11441514
124,0.84746575,-0.1820254,0.12228906,-0.8060498,0.024317127
125,-0.74303323,-0.10518658,1.1606873,-0.30267617,-0.5329488
126,-1.0435271,-0.10285355,0.48014063,-0.29683527,-0.45192784
127,0.14770545,-0.42567518,0.6761002,0.6327933,0.45483035
128,-0.68618476,-0.02370169,0.9581014,-0.7582672,-0.3810768
129,-0.2661369,0.10559727,-0.6792708,-1.0157386,0.23656018
130,0.12307891,-0.41546446,0.6452396,0.6138153,0.44576186
131,0.48367813,0.5670931,-1.0555046,0.020166531,0.2504446
132,-0.99846375,-0.15450037,0.5834439,-0.14924692,-0.50519866
133,-0.47801203,-0.0044508018,0.63224506,-1.2308432,-0.20585874
134,-0.5060994,0.018869285,-0.71437067,-0.82129866,0.15766846
135,0.2908857,-0.21547934,0.41658896,1.3932863,0.32321888
136,0.12258321,-0.26884714,0.31080443,1.080504,0.41346577
137,-0.958252,-0.3106215,-0.80415964,0.49078116,-0.102383584
138,0.0028523793,0.14697598,-0.64741844,-1.089008,0.2710653
139,0.059646375,0.3516742,-1.1346089,0.2237158,0.2824651
140,-0.9848835,-0.32598996,-0.7694609,0.49227706,-0.13343266
141,0.7789223,1.018389,-0.27929506,0.90560186,-0.3498047
142,-0.6238645,-0.031758454,-0.7583828,-0.66412956,0.10946655
143,-0.8984242,-0.3561737,-0.54261345,0.555203,-0.072161555
144,-0.99955523,-0.13451415,0.63613015,-0.19345792,-0.5110815
145,0.17764048,-0.4229246,0.83327866,0.5494313,0.38448548
146,0.08682397,0.2268358,-0.7382037,-0.91224754,0.2417457
147,-1.0412871,-0.21540667,-0.6790557,-0.048075173,-0.19227733
148,-0.74997157,-0.10549271,1.14692,-0.30006757,-0.532918
149,0.587701,-0.006150905,-0.17358984,-1.0245588,0.16713353
150,0.38223946,-0.14850551,0.45648515,1.5194094,0.24116535
151,0.8406366,0.9696097,-0.7066004,0.2935227,-0.17960428
152,-0.74486035,-0.15751034,0.92647624,-0.16418524,-0.44030708
153,-0.116632245,-0.28170794,0.06116724,0.77620614,0.47718954
154,-0.6981654,-0.15188685,-1.0468563,0.43588218,0.14133513
155,-0.6417827,0.030199606,-0.31670967,-1.0163682,0.07700677
156,1.301724,-0.14884233,0.2690465,-0.85611004,-0.12544298
157,0.027314939,-0.023396384,0.09094788,-1.1797596,0.10930018
158,-0.9024243,-0.28188366,-0.87075466,0.49301133,-0.037524004
159,-0.8458443,-0.088695735,-0.6032498,-0.5943939,-0.030984934
160,1.074283,-0.17518975,0.18334939,-0.6740104,-0.0620221
161,0.35412416,0.1117851,-0.4591559,-1.1173842,0.25199234
162,-0.6776199,-0.01910964,0.7900329,-0.8333898,-0.31051114
163,1.3973192,-0.12516606,0.316334,-0.8451223,-0.17294131
164,-0.3350773,0.074918345,-0.7064627,-0.9398068,0.2130598
165,0.27852213,-0.43925577,0.59610367,1.2547562,0.54029
166,0.3952844,0.53095174,-1.0772057,0.06491758,0.2606286
167,-0.078134425,-0.29556537,0.14714155,0.777667,0.48566216
168,0.428731,-0.05516911,0.4345376,1.5590367,0.16512047
169,-0.27561176,0.11577743,-0.6042282,-1.0882745,0.24644385
170,-1.011017,-0.1315419,0.103461206,-0.46268815,-0.25677526
171,-0.7847154,-0.056256,-0.5744648,-0.70574814,0.010955911
172,0.5664954,0.41085222,-0.60622025,-0.4644441,0.11571537
173,-0.52508366,-0.027685225,0.42743292,-1.1272552,-0.11255066
174,0.75731266,-0.12997252,0.012211917,-0.88755095,0.07700144
175,-1.1058203,-0.34264028,-0.5644433,0.32312146,-0.30102354
176,1.177735,-0.16993688,0.20948647,-0.79165256,-0.074570745
177,-0.9305516,-0.2944841,-0.8439301,0.49022138,-0.06937601
178,-0.866376,-0.11268653,0.91730016,-0.2726038,-0.5229909
179,0.50897944,0.5158678,0.22172473,1.4736538,-0.2500536
180,-1.1123999,-0.19291604,0.27985117,-0.0940373,-0.515476
181,0.61090845,0.7737633,-0.58643633,0.53829944,-0.03752959
182,-0.50217575,0.002139926,0.7142728,-1.2120179,-0.24581034
183,0.5295789,0.59738666,-1.0101881,0.05795318,0.22707321
184,-0.91894156,-0.12688929,0.80127996,-0.21420304,-0.5153451
185,0.69036674,0.8365608,-0.67989904,0.39540637,-0.059832938
186,1.2508733,-0.15838692,0.24200551,-0.8554019,-0.101243705
187,-0.7247191,-0.07260832,1.1854395,-0.45501366,-0.5173634
188,0.5440141,0.55022913,0.25944778,1.5602432,-0.3017982
189,0.21390869,-0.38073128,1.2346213,0.27350387,0.15670894
190,-0.85573035,-0.09583014,0.9133352,-0.35791427,-0.50482744
191,0.5686005,0.7864149,0.02788246,1.3048991,-0.3408004
192,0.31055322,0.3451456,0.041116577,1.1297003,0.02225959
193,0.17519559,-0.4020086,0.9449999,0.4394396,0.30435586
194,0.21763597,0.025457881,0.21036834,1.1988136,0.19613656
195,-0.9315391,-0.25204903,-0.9039444,0.38282144,-0.080973595
196,0.30451444,0.27417594,0.120877415,1.1973832,0.026656311
197,0.44129103,-0.01635249,0.4200175,1.5630361,0.1363552
198,0.33242953,0.50622857,-1.098168,0.08851173,0.2636363
199,0.47450513,0.058155045,-0.31746718,-1.0917097,0.22198464
200,0.39326316,0.5306253,-1.0826168,0.057572886,0.25849986
201,0.45661753,0.55675364,-1.0658247,0.027032636,0.2534689
202,0.60621357,0.82582927,-0.24299459,0.97141963,-0.21887286
203,-0.29257298,0.13474967,-1.1510156,0.33000347,0.24800424
204,0.30404606,0.12946364,-0.5506426,-1.0491984,0.25661856
205,-1.0141671,-0.3495338,-0.69501865,0.49787426,-0.17115588
206,-0.6380761,0.006681867,-0.5855287,-0.8624899,0.111378446
207,0.7910394,1.0069305,-0.35412428,0.7953304,-0.30625528
208,0.2789502,-0.07042089,0.3121194,1.3223555,0.23818202
209,0.5183919,0.5859481,-1.0561904,-0.006954079,0.2387128
210,0.123897105,-0.4402193,0.5188773,0.75670993,0.53475076
211,0.060042158,-0.26341754,1.4338113,-0.041315995,-0.06888038
212,0.13143227,-0.3976056,0.76854414,0.5087878,0.37245345
213,-0.17524113,-0.32258528,-0.006041009,0.7210989,0.48847002
214,-0.5637181,0.037668936,0.0395284,-1.1278443,0.016194839
215,0.6077673,-0.0048652217,-0.22055636,-0.9259773,0.15328072
216,-0.45562637,-0.025633149,0.4914916,-1.1995207,-0.12203005
217,-0.815442,-0.23036605,-0.9646486,0.4733297,0.055400092
218,-0.6551417,-0.014899172,-0.641859,-0.78732705,0.10119589
219,0.16865562,0.41874072,-1.1294932,0.17957553,0.284249
220,-0.7909308,-0.0976482,1.0621506,-0.34022635,-0.5246093
221,0.14269291,-0.3465595,0.36786258,1.0347502,0.49219245
222,-0.34670076,0.06457412,-0.12139565,-1.2124283,0.13189094
223,0.4415088,-0.08303523,0.47870922,1.6134253,0.168853
224,0.7284271,0.8018741,-0.91888607,0.06462663,0.012497831
225,0.57812446,0.63904977,-1.027868,-0.005981309,0.18526389
226,-0.90492433,-0.14608248,0.7359962,-0.17622595,-0.4823904
227,0.34820542,0.17819178,0.22477283,1.3388138,0.05168477
228,-0.7584881,-0.06749673,1.054563,-0.49280015,-0.48061144
229,0.07443151,-0.056079183,0.15358648,1.0049357,0.29335558
230,0.09423578,-0.38598692,0.37552077,0.87310743,0.52667916
231,0.52373284,0.5021747,0.25399074,1.5306977,-0.2556966
232,0.060011297,-0.3393622,0.3121943,0.8785664,0.49773794
233,0.78961676,0.967158,-0.5445319,0.53571105,-0.20852108
234,0.18002377,-0.4150709,0.88822657,0.5025907,0.3500964
235,0.06769903,0.14120162,-0.53525966,-1.1816522,0.2638485
236,1.3570335,-0.13011934,0.29992193,-0.79339504,-0.16033489
237,0.16751505,-0.46469682,0.5233735,0.8505418,0.56583476
238,-0.23584457,0.11925343,-0.6429579,-1.0642189,0.24908708
239,0.32577914,0.11988528,-0.51321954,-1.0789031,0.25595275
240,0.0024629524,-0.28332752,1.1576283,0.08520289,0.035960335
241,-0.7646772,-0.20260681,-1.0040166,0.4614251,0.105824366
242,0.42508918,0.40282515,0.1764333,1.3383712,-0.12522745
243,-0.41122594,-0.031059738,0.4463566,-1.2048346,-0.086368814
244,-0.04638402,-0.20407516,1.5840367,-0.12580194,-0.20383874
245,0.5294663,0.029277101,-0.2603989,-1.0502167,0.19559127
246,0.65230185,0.9133914,-0.060030974,1.1835008,-0.37730664
247,-1.048093,-0.10625321,0.4736652,-0.28255466,-0.45382446
248,0.49967796,0.56933016,-1.0049347,0.08821423,0.25202715
249,0.55042917,0.60884666,-1.0393546,-0.0075949836,0.2137447
250,-0.105820104,-0.282249,1.0004408,0.12842166,0.04274739
251,-0.7832636,-0.109752804,1.0751393,-0.2841464,-0.5273607
252,0.37795398,0.108111545,0.28906342,1.4203852,0.08351827
253,-0.45529312,-0.11594871,1.3664548,-0.32398704,-0.38127828
254,-0.8198871,-0.09783195,0.99841774,-0.34369966,-0.5174151
255,-0.07280091,0.14008234,-0.5785244,-1.1488943,0.26563087
256,0.14615445,-0.36264622,1.070795,0.28193963,0.19370183
257,-1.0488371,-0.26262897,-0.72111493,0.16715802,-0.20969225
258,0.4392293,0.08247642,-0.3876475,-1.0880792,0.23856689
259,-1.0200382,-0.14747909,0.5688619,-0.16297652,-0.51156104
260,-1.0657809,-0.15543602,0.45398676,-0.1531413,-0.5109136
261,-1.0984727,-0.30618298,-0.6200758,0.24513398,-0.26904827
262,0.83163905,-0.17816952,0.09296495,-0.7387898,0.026186872
263,0.70512617,-0.05441496,-0.12653954,-0.79305243,0.09896135
264,-1.0137239,-0.30995652,-0.76801354,0.41117954,-0.17356642
265,0.62184054,0.8556229,-0.14885545,1.0728835,-0.2898455
266,0.9309444,-0.19163905,0.12998225,-0.58501697,-0.024425242
267,-0.7426582,-0.06355758,1.0767851,-0.5136071,-0.47506657
268,-0.64506847,-0.009776406,0.6805108,-0.93612236,-0.25622618
269,0.2508314,0.4671724,-1.112978,0.13854861,0.27436396
270,0.5341479,0.6786298,0.10092714,1.3699613,-0.3149333
271,-0.60746753,0.041741624,-0.32542545,-1.0498953,0.096194625
272,0.85150146,1.061933,-0.3808879,0.7429084,-0.33865315
273,-0.047725342,-0.37424538,0.26167482,0.69004786,0.5072583
274,0.46521366,0.2261433,0.31607917,1.5373163,-0.039081756
275,1.10867,-0.17364806,0.1951275,-0.780666,-0.0569441
276,0.4702959,-0.0055973455,0.46754983,1.6494278,0.10181858
277,0.9340432,-0.18094696,0.14040649,-0.77622736,-0.0033170395
278,0.07465896,-0.2813723,0.27994686,0.9836541,0.44152337
279,-0.6679944,-0.12662724,-1.0676734,0.42606175,0.15285863
280,0.5121747,0.72250354,-0.21470171,1.0123448,-0.15195668
281,0.53999346,0.5353351,0.26382673,1.5626321,-0.29106164
282,-0.6251572,0.014109578,-0.57904583,-0.8837353,0.12002163
283,-0.60183,0.039340887,-0.44649875,-1.000141,0.12033199
284,-0.58912843,-0.17120446,1.0705916,-0.1481926,-0.38263083
285,0.7603912,-0.1268445,0.0076290313,-0.8494402,0.072547674
286,-0.78774375,-0.22705066,-0.9358195,0.48135486,0.0775712
287,0.40223727,0.536536,-1.0825824,0.051133372,0.25686687
288,0.14702116,-0.40186408,0.81662804,0.49717936,0.3582853
289,0.36774123,-0.19259006,0.47456953,1.515656,0.27369106
290,0.083119154,-0.06131016,0.17013547,1.0372915,0.2889101
291,-0.68353415,-0.019296814,-0.60832715,-0.7878814,0.08100438
292,0.44546703,0.4805147,-0.9585945,-0.07481757,0.2202598
293,-0.85329586,-0.1347898,0.87184715,-0.2019536,-0.49648023
294,1.017617,-0.18487777,0.15220387,-0.67248297,-0.03766929
295,-0.08212564,-0.3404736,0.18840867,0.7197886,0.50103956
296,-0.1656039,0.21408355,-1.1469318,0.2970104,0.26208085
297,0.53806835,0.50491035,0.278785,1.5795791,-0.27165008
298,-1.086594,-0.32956296,-0.61825126,0.31898758,-0.27082208
299,1.1182996,-0.17157364,0.19632982,-0.80951464,-0.055611152
300,-0.46268246,-0.028918613,0.4163264,-1.173287,-0.08696595
301,0.48284668,0.59886694,0.063242234,1.2808503,-0.21849734
302,-0.614627,-0.0011739768,-0.6577272,-0.8124134,0.124188796
303,0.075158015,0.36202332,-1.1353514,0.2172142,0.28259337
304,0.42255178,-0.037852008,0.41521373,1.5402805,0.15824117
305,1.6688854,-0.082236275,0.44124848,-0.99301076,-0.27608728
306,-0.92671186,-0.2992474,-0.8273915,0.4999328,-0.06612955
307,-1.0860332,-0.36836314,-0.5749839,0.42698914,-0.26803657
308,0.9759113,-0.1745366,0.15888236,-0.8485997,-0.009112794
309,0.9422619,-0.18699342,0.1346937,-0.6784916,-0.015511293
310,0.07567565,-0.4216579,0.40893716,0.7478504,0.5435818
311,1.2861547,-0.15064426,0.2612138,-0.8402481,-0.11978826
312,0.60507274,0.76332307,-0.6203277,0.50403756,-0.017196808
313,0.08682263,-0.33526638,0.32218933,0.9375246,0.49197364
314,-0.26356837,0.11649075,-0.6290957,-1.0708318,0.2468834
315,0.98324305,-0.17949739,0.15357412,-0.77021384,-0.01847319
316,0.6770922,-0.07599226,-0.06547993,-0.9936433,0.12251444
317,0.2636739,-0.38747168,1.4007411,0.2468081,0.10732545
318,-0.048785217,-0.3017466,0.17933759,0.7878709,0.48932827
319,1.3153149,-0.14770621,0.27357227,-0.8845699,-0.12832884
320,0.16121948,0.14328654,-0.572226,-1.1258875,0.26566374
321,0.5830311,0.6438417,-1.027653,-0.008132415,0.18062581
322,0.6503128,0.71544516,-0.9555995,0.047659844,0.09441359
323,0.19738187,-0.4320354,0.8613197,0.5713193,0.3916363
324,-1.0140892,-0.35545436,-0.6759836,0.50609374,-0.17232592
325,-0.51764286,-0.015290216,0.544816,-1.1648555,-0.17009246
326,-0.033479795,-0.33416608,0.7470892,0.3637692,0.24636258
327,-0.7423037,-0.046641793,0.9461649,-0.62147045,-0.41662812
328,-0.114355125,0.1351835,-0.66393816,-1.0681881,0.2627307
329,1.037248,-0.17861174,0.17317782,-0.64260805,-0.05481902
330,0.44418332,0.5515635,-1.0671613,0.036425315,0.25537
331,0.030103497,0.33256984,-1.1394051,0.23502174,0.28000614
332,0.036816552,0.14708966,-0.6442469,-1.0812352,0.2705174
333,0.40166187,0.53671145,-1.0842139,0.049108535,0.25623238
334,-0.19936532,0.192174,-1.1506648,0.30567333,0.25812066
335,0.44548547,-0.069136634,0.4730652,1.6153121,0.15874808
336,0.4580763,0.06304714,0.39700556,1.5729074,0.07335873
337,0.5786767,0.7625183,-0.47895434,0.6853602,-0.060854584
338,-0.7923166,-0.112142205,1.0569901,-0.27308753,-0.52686214
339,0.11946455,-0.3727466,0.8785253,0.38794056,0.28455386
340,-0.9259595,-0.11541599,0.79255635,-0.2642161,-0.51350135
341,1.1692181,-0.16738975,0.21025448,-0.83215344,-0.06965412
342,0.5223613,0.5866629,-1.0535774,-0.0070290384,0.2375658
343,-0.810088,-0.23476028,-0.9428247,0.4824754,0.05761158
344,-0.7389073,-0.069404334,1.1281251,-0.47635224,-0.5003081
345,0.69982374,0.78382075,-0.89489937,0.120350145,0.036169376
346,0.42712983,-0.10303299,0.47166702,1.5838715,0.1911866
347,0.8057045,0.9506602,-0.6528963,0.38047454,-0.17388108
348,-0.44187346,-0.021021295,0.5239543,-1.2179378,-0.134368
349,-0.89793974,-0.28592962,-0.8502189,0.5010591,-0.034949873
350,-0.002075323,-0.027970545,0.11924663,-1.1752853,0.09592566
351,0.25829548,0.100403145,0.1964937,1.2349546,0.1352986
352,0.28987327,0.21999532,-0.64072305,-0.9535087,0.23173757
353,0.9894736,-0.18121219,0.15054114,-0.7432802,-0.022291277
354,0.040821284,-0.27897266,0.25434127,0.93135244,0.44988257
355,0.90489656,-0.18617986,0.12415221,-0.7185632,0.00068017095
356,0.7657589,0.8519646,-0.86431587,0.124174975,-0.037008088
357,0.20156525,-0.34521657,1.4254861,0.10454985,0.028622273
358,-0.02207452,0.30120093,-1.1425618,0.25379756,0.27571794
359,-0.6401002,0.03449184,-0.09153053,-1.0526276,0.026613656
360,0.43025044,-0.015148133,0.40840563,1.5439708,0.14070742
361,-0.8321122,-0.09489535,-0.6681401,-0.52798945,-0.01705252
362,-0.89625627,-0.0742013,0.7284053,-0.46091986,-0.4416132
363,-0.7374192,-0.02758722,-0.52875066,-0.79763377,0.04007178
364,-0.9250087,-0.11860953,0.7963603,-0.24870731,-0.5156068
365,-1.0877564,-0.37112546,-0.4796014,0.41265985,-0.2888478
366,-0.8080121,-0.07060218,-0.5909188,-0.6619204,-0.004486177
367,-1.1662228,-0.2704966,0.022259649,0.01515948,-0.48831823
368,0.78398913,0.9848411,-0.39763933,0.73364455,-0.2688079
369,-0.06712704,0.2760241,-1.1441982,0.27122143,0.27275616
370,0.14203615,-0.40906668,0.751479,0.5479719,0.39673847
371,-0.82344323,-0.04917844,0.68402207,-0.6348451,-0.37168342
372,-0.53004014,0.042934477,-0.6202993,-0.93234384,0.16948505
373,-0.39431837,0.07202749,-1.1472698,0.35483292,0.23478441
374,0.27949983,0.12973252,-0.5311864,-1.0950152,0.2594275
375,-0.8242559,-0.24392372,-0.92547977,0.4870604,0.04271994
376,0.3720874,-0.10524595,0.41583836,1.4856977,0.22019304
377,0.1968665,-0.34820485,1.3849092,0.1265274,0.048498165
378,-0.9155652,-0.28973052,-0.85079026,0.49429837,-0.053154808
379,0.24615349,0.46648318,-1.1189926,0.13519569,0.27278906
380,-0.3014613,0.11250217,-0.47251302,-1.1631287,0.23425464
381,0.3707751,0.10969606,-0.49345848,-1.0557542,0.24859841
382,0.851187,-0.18767062,0.11411014,-0.71851695,0.015016768
383,0.3407536,0.50978154,-1.0963941,0.08378655,0.26277164
384,1.1232902,-0.17519379,0.19117732,-0.75778514,-0.060914453
385,0.25541052,-0.45174095,0.9892312,0.6031824,0.38047758
386,-0.0022910545,-0.29870513,0.23915993,0.8177526,0.4791407
387,0.74825513,0.9452579,-0.4115497,0.7222471,-0.2309001
388,1.0910095,-0.17565742,0.1839533,-0.7056558,-0.06038736
389,-0.5253399,-0.064552054,1.5665048,-0.47025606,-0.53707737
390,-1.0176865,-0.185784,-0.59327406,-0.20987812,-0.17090271
391,-0.111590914,0.2521304,-1.1343402,0.28646275,0.2703902
392,0.43803653,0.30587655,0.23947665,1.4230609,-0.07055132
393,-0.96295744,-0.124667466,0.7150291,-0.22351341,-0.50969476
394,0.7391501,-0.16791178,0.06854991,-0.4953233,0.024755571
395,-0.50499105,-0.01529973,0.5489131,-1.1775928,-0.16852532
396,-0.69171846,0.013390753,-0.25717038,-0.97074366,0.03439978
397,-0.8064589,-0.02722919,0.018570933,-0.84945273,-0.09402621
398,1.2086607,-0.15695637,0.23302571,-0.73948306,-0.101625994
399,-0.28715128,-0.022176702,0.2694677,-1.1941128,0.0024354719
400,-0.87493616,-0.073443204,-0.19374657,-0.6955093,-0.09816992
401,-0.860321,-0.31609243,-0.6521647,0.54252726,-0.022001084
402,0.16307215,-0.44338605,0.65291804,0.69807214,0.49048114
403,-0.32001477,-0.031332273,0.3407695,-1.1999,-0.028270457
404,-0.9970993,-0.3428054,-0.7182961,0.50506026,-0.15058541
405,-0.8977018,-0.11938515,0.8521889,-0.24328895,-0.5197244
406,0.22948717,-0.011905767,0.23972954,1.2287728,0.21727385
407,0.3071339,-0.23909447,0.4500357,1.4265977,0.33839405
408,-0.9772946,-0.16050369,-0.580267,-0.32623252,-0.13933298
409,-0.41630992,-0.01735954,0.5560216,-1.2403985,-0.1461148
410,-0.9686579,-0.31457382,-0.79783,0.4885168,-0.1138449
411,-0.21626435,0.18485251,-1.1445299,0.3107163,0.25730744
412,1.8810767,-0.054922935,0.56541747,-1.1655655,-0.36790317
413,0.13720378,-0.32316557,1.3233241,0.098163985,0.043980602
414,1.0555867,-0.17543569,0.17448258,-0.79194677,-0.037477206
415,0.33586517,0.026588988,0.30218834,1.3848464,0.15275677
416,-0.025409587,0.14483014,-0.6030001,-1.1365007,0.26900706
417,0.30367085,-0.12860607,0.37173063,1.3846103,0.26300097
418,1.0758175,-0.1675764,0.19082654,-0.6241578,-0.07590558
419,-0.9386372,-0.29760346,-0.8376861,0.48831743,-0.078634575
420,-0.03407363,0.13980506,-0.5403953,-1.1806602,0.26379
421,1.3403487,-0.12865794,0.29310498,-0.7383367,-0.15957998
422,1.3736858,-0.12736693,0.30734408,-0.8029631,-0.16673167
423,-0.7649829,-0.08716081,1.0850804,-0.39597768,-0.5084667
424,1.1536065,-0.16488475,0.21222477,-0.86497664,-0.06421889
425,0.22471578,-0.20772195,0.11146626,-0.16774079,0.21892975
426,-0.7082978,-0.078344315,1.229495,-0.42523453,-0.5271995
427,-0.7884901,-0.088038266,1.0371835,-0.39322782,-0.5051929
428,-0.9641642,-0.1527812,-0.5827299,-0.3567027,-0.12836453
429,-0.96784526,-0.13308793,0.6970884,-0.19706137,-0.5131143
430,-0.87482435,-0.27183276,-0.8827534,0.4975929,-0.008580994
431,-1.1624932,-0.32441354,-0.4051392,0.18744822,-0.3758164
432,-0.9502024,-0.3167209,-0.78286487,0.5061187,-0.0945866
433,-0.926707,-0.12924916,-0.565902,-0.4639586,-0.0996449
434,-0.006344476,0.1476181,-0.6542296,-1.0797235,0.27128777
435,0.5689669,0.62964094,-1.0377504,-0.012932928,0.19703908
436,-1.0093354,-0.18128584,-0.6006133,-0.2256061,-0.16358744
437,0.7844112,-0.14903301,0.041544557,-0.8129458,0.05591869
438,-0.44544503,-0.02263498,0.36358917,-1.1825206,-0.05985977
439,1.2751316,-0.15385841,0.2552196,-0.84972036,-0.11336374
440,-0.8369103,-0.12055361,0.9545832,-0.2421184,-0.5162484
441,0.5710292,0.63160753,-1.0357975,-0.011885067,0.19442381
442,-0.9579158,-0.1508163,-0.60265815,-0.3473986,-0.121946916
443,-1.0374225,-0.14439592,-0.028903717,-0.41855612,-0.255542
444,1.3256074,-0.14638656,0.27730432,-0.9054942,-0.13166685
445,0.4748101,0.06982981,-0.39065838,-1.0238707,0.22088017
446,0.7154233,0.90249944,-0.47931847,0.6457122,-0.1726612
447,0.9559497,-0.17871237,0.15362833,-0.790829,-0.010050096
448,-0.90506595,-0.12629798,0.8262536,-0.21541528,-0.51563585
449,-1.0933928,-0.17334823,0.35904428,-0.12595244,-0.51211244
450,0.88325006,1.113712,-0.3452204,0.79285526,-0.39431158
451,-1.0228149,-0.31151843,-0.7490363,0.39626518,-0.18664233
452,0.12493532,0.3946329,-1.1345879,0.19672637,0.28405705
453,0.42219174,0.5459616,-1.0802603,0.037308242,0.25396928
454,0.0951055,-0.20135581,0.25237817,1.0436835,0.37848926
455,0.2592735,-0.38284624,1.4116867,0.22683616,0.09408383
456,-0.7361624,-0.062355917,-0.6980852,-0.6271523,0.051558908
457,-1.0677081,-0.3280482,-0.65492827,0.35092568,-0.24794807
458,-0.6583299,0.007933408,0.052825972,-1.0108091,-0.02447107
459,0.020102032,0.14542773,-0.59505165,-1.1433405,0.26886407
460,0.067029476,-0.28646815,1.286116,0.04557372,0.013636049
461,0.37738907,0.039626718,0.32734415,1.4422326,0.12877528
462,0.5876839,0.2953047,-0.490356,-0.55525196,0.103525475
463,0.8329957,0.9952028,-0.60109836,0.44282854,-0.22108006
464,0.38550064,0.5257131,-1.0668857,0.09213178,0.26754695
465,0.8323114,0.9731157,-0.66952807,0.34757608,-0.18894531
466,-0.4480571,-0.032805268,0.4436384,-1.1888474,-0.09362437
467,-0.8716522,-0.11805543,-0.7274253,-0.3807894,-0.039637145
468,0.48838806,0.5706603,-1.0600568,0.009363819,0.24727948
469,0.4889723,0.3499451,0.28470775,1.5296549,-0.13461404
470,-0.28245294,-0.01270939,0.59016705,-1.2900996,-0.14638434
471,0.20189856,-0.38035434,1.1868012,0.28694713,0.17386247
472,-0.96195966,-0.101575986,0.27839574,-0.55376583,-0.266709
473,-0.8277133,-0.07346782,-0.5271953,-0.6750535,-0.021805745
474,0.73980844,-0.0773295,-0.08499335,-0.7509873,0.08000377
475,0.07875091,-0.40713015,0.52447045,0.6395508,0.47044355
476,0.69740367,0.912072,-0.3185622,0.8622975,-0.24915533
477,-0.9436275,-0.14981025,-0.6822476,-0.2904441,-0.10300383
478,-0.62303036,-0.12443264,1.2473118,-0.23934515,-0.4763828
479,0.9151977,-0.18087737,0.1371697,-0.78707725,0.0030412301
480,-0.002529622,-0.22877932,0.19507107,0.8987103,0.41933233
481,0.15779062,-0.42199573,0.745665,0.5888634,0.42070937
482,-0.6232043,-0.019366778,0.49734768,-1.0363027,-0.17925732
483,0.8612793,1.14295,-0.22014168,0.9871944,-0.47054923
484,0.19986312,0.18054171,-0.64153117,-1.0205808,0.25587177
485,-0.031067163,-0.3095142,0.90331244,0.24316765,0.15528657
486,-0.015227475,0.31053594,-1.1337705,0.25782,0.27955037
487,-0.94211143,-0.31313956,-0.7880408,0.5068693,-0.08597103
488,0.1453032,-0.36685696,1.0388124,0.3040313,0.21151923
489,0.22551481,0.452572,-1.1160256,0.15591887,0.27843875
490,1.6314979,-0.09404905,0.43651468,-1.0040302,-0.26287678
491,0.41200623,0.54068863,-1.0814805,0.043845788,0.25538442
492,-0.5143688,-0.029403638,0.4381532,-1.1347284,-0.113007024
493,-0.7968586,-0.0396262,0.63756704,-0.7121127,-0.33271867
494,-0.7966089,-0.07693027,-0.64437705,-0.6137942,0.0074385814
495,-0.94436306,-0.321917,-0.7557717,0.5158568,-0.09146032
496,0.8637399,-0.1886523,0.10679474,-0.65183324,0.0053392462
497,0.0069700023,-0.19752534,0.18580753,0.9176894,0.3967297
498,0.42903927,-0.05503953,0.4349636,1.5603076,0.16483676
499,0.3837394,0.2098376,0.2381643,1.379409,0.016139086
500,-0.7916892,-0.09671964,1.0597055,-0.34454933,-0.5239603
501,-0.44469452,0.05286862,-0.6756729,-0.92081654,0.19128206
502,-1.0118091,-0.3147553,-0.76836294,0.42878348,-0.16939646
503,-0.88191646,-0.11425355,0.88581747,-0.2663549,-0.5213208
504,0.0185384,-0.27225214,1.2655349,0.015874885,-0.014309917
505,0.3773998,0.5234551,-1.078397,0.079882406,0.26374364
506,-0.3653647,0.10030532,-0.59547246,-1.0714115,0.23375471
507,0.21067198,-0.33624303,1.5249588,0.052992947,-0.019100737
508,0.18721364,-0.43747392,0.7874252,0.6137887,0.42858803
509,-0.74130327,-0.06804526,1.086714,-0.49249926,-0.4800349
510,-0.16502307,-0.35894156,0.19900385,0.64178926,0.4361363
511,0.47126478,0.56560606,-1.0670973,0.013472689,0.25012282
512,0.23081309,-0.06280093,0.3466007,-1.2002131,-0.0048464797
513,-0.39533988,0.09399308,-0.44500828,-1.1435771,0.21258463
514,0.92137975,-0.17120501,0.15181123,-0.9283453,0.014180835
515,0.6088617,-0.032292936,-0.13008632,-1.0243652,0.15371771
516,-0.14776503,-0.35555708,0.2975267,0.6040216,0.40971294
517,0.17870541,-0.40849596,0.92149115,0.46929508,0.32543242
518,1.1531328,-0.1657758,0.21078463,-0.85721385,-0.063978374
519,-0.4903545,-0.021971717,0.5078467,-1.177086,-0.14218499
520,0.51233125,0.03299553,-0.25193825,-1.0871327,0.2041768
521,-0.78718907,-0.06548804,0.95189923,-0.5093272,-0.45135093
522,0.43724126,0.5354117,-1.0155873,0.12364249,0.27760538
523,-0.6548302,-0.009605575,-0.6211314,-0.80808854,0.10095678
524,0.7161229,0.90202224,-0.48859313,0.63374674,-0.16907658
525,0.4279213,0.1192292,0.3269317,1.4898307,0.055083055
526,-0.048767112,-0.33406696,0.21315588,0.74627376,0.49975353
527,-1.1512276,-0.37007195,-0.3520724,0.3105363,-0.39289698
528,0.013053446,-0.36010897,0.68136334,0.4516065,0.32146445
529,-0.17984827,0.12958115,-0.61279166,-1.1015952,0.25917846
530,-0.07129727,-0.24821532,1.3315636,-0.054536052,-0.11255638
531,-0.10810926,-0.31859493,0.124449916,0.7430998,0.49001515
532,0.20374735,-0.34835535,1.4122117,0.11694658,0.037646618
533,0.3536027,0.5096272,-1.065495,0.123651795,0.27538714
534,0.18218169,0.42601964,-1.1222568,0.17853312,0.284533
535,-0.69486475,-0.032996375,-0.64410263,-0.7400156,0.07411386
536,0.47482458,0.5677556,-1.0670043,0.011137243,0.24909966
537,0.83803344,-0.18074669,0.09928712,-0.7455599,0.024477419
538,0.082143396,0.36595958,-1.1371013,0.21362682,0.2817682
539,0.42477632,-0.024809733,0.40753987,1.5366894,0.1499468
540,-1.0815221,-0.32444206,-0.6324538,0.31612304,-0.26331946
541,-0.438938,0.035601147,-1.0478573,0.40339848,0.24157359
542,-1.0339609,-0.31620002,-0.0761895,0.22975706,-0.38932258
543,-0.7053543,-0.28810164,-0.6094335,0.55709743,0.1320244
544,-1.0221916,-0.13894564,0.5828194,-0.17926975,-0.5112138
545,0.23616344,0.45954135,-1.1149899,0.14880088,0.27646604
546,0.40247446,0.101428255,-0.48462978,-1.0166137,0.2398731
547,0.79873973,1.0314488,-0.30251125,0.8670911,-0.34979433
548,0.465885,0.5629065,-1.0673567,0.017724225,0.25106972
549,0.783671,-0.101861686,-0.030734928,-0.6461715,0.047633674
550,-1.0562255,-0.112526655,0.39282036,-0.30349576,-0.42160785
551,-0.18516694,0.20140567,-1.1488007,0.3021459,0.2598405
552,0.31878227,0.22817263,0.17215332,1.2548188,0.0343426
553,-0.55217373,0.010632545,-0.6955343,-0.81784445,0.14435534
554,0.11463511,-0.39950782,0.40141714,0.8924078,0.5332729
555,0.08533329,-0.36902177,0.7782162,0.43543318,0.3220696
556,-1.0854281,-0.17721117,0.3808756,-0.11546878,-0.5205128
557,0.21640055,-0.47660503,0.73900354,0.78506154,0.511894
558,-0.7230538,-0.03736544,0.8939264,-0.6911681,-0.3818235
559,-0.46338186,-0.026156928,0.39650324,-1.1710278,-0.07904518
560,-0.5977564,-0.3799524,-0.21095145,0.6203757,0.1803893
561,0.042181075,-0.21156824,0.2157094,0.9592509,0.40187216
562,0.95945996,1.1365678,-0.47865158,0.56777644,-0.38907352
563,-0.7458358,-0.066094816,-0.6973391,-0.61586237,0.04525918
564,-0.78636485,-0.043914344,0.2417889,-0.8708294,-0.15122879
565,0.17958023,-0.434508,0.77067906,0.6129044,0.43055427
566,-0.701991,-0.15240578,-1.0592716,0.42717734,0.13856837
567,-0.13181834,0.12777129,-0.69488233,-1.0331933,0.25453025
568,0.72562814,-0.107546955,-0.019128354,-0.92583233,0.094605565
569,1.2292254,-0.15172225,0.24536313,-0.7298055,-0.11314641
570,0.31991783,0.27033445,0.15395461,1.2378951,0.006481599
571,-0.54923505,-0.00042881072,0.27148244,-1.1222286,-0.06443396
572,0.5444148,0.60333997,-1.0440193,-0.00946402,0.22119589
573,-0.8861428,-0.2760482,-0.87167656,0.4935533,-0.021618593
574,0.59833384,0.6612774,-1.0145385,0.0014916002,0.16304685
575,-0.85813355,-0.12300752,-0.78227603,-0.29868186,-0.02394602
576,-0.772705,-0.036141623,0.6843934,-0.72842115,-0.33416152
577,-0.095046766,-0.33802754,0.16585135,0.72051466,0.5003386
578,0.45157695,0.06903509,0.38459617,1.5558553,0.074137405
579,0.9575751,1.087671,-0.6717748,0.29548383,-0.301046
580,-1.1895,-0.31361502,-0.2462518,0.12103364,-0.42104322
581,-0.9850041,-0.13834766,-0.2728381,-0.4724879,-0.18084374
582,-0.95809823,-0.30913866,-0.8118095,0.48981938,-0.101180315
583,-0.71387625,-0.16313273,-1.0487154,0.4373943,0.13468033
584,1.0925174,-0.17347269,0.18948016,-0.7940076,-0.049801398
585,-1.0605588,-0.3017078,-0.6849546,0.2974569,-0.23181275
586,-0.81976074,-0.10226752,0.9946843,-0.3252684,-0.5160504
587,-0.68595994,0.0134055205,-0.29500887,-0.9698923,0.045241933
588,0.19627996,-0.41415125,0.96229726,0.47766936,0.32060355
589,-0.552036,0.028432041,0.103967294,-1.1306648,-0.0026174001
590,-1.0290452,-0.3417469,-0.70804936,0.46560225,-0.18854304
591,0.15653576,-0.3889155,0.9382611,0.40292174,0.28570122
592,-1.1563689,-0.2733139,0.029210396,0.03396628,-0.49569863
593,-0.27611992,0.11550601,-0.4800014,-1.1662434,0.23846145
594,-1.0118816,-0.17946713,-0.55864215,-0.26160192,-0.16869088
595,1.4229914,-0.11878981,0.32692885,-0.8410363,-0.18466751
596,-0.40221953,0.08003889,-0.64122874,-1.0009813,0.21746169
597,-0.8904491,-0.06953558,0.6881426,-0.49752498,-0.4214776
598,0.0012012562,-0.37395114,0.5664994,0.5306868,0.37899107
599,1.4143697,-0.12817955,0.32109383,-0.915511,-0.17202316
600,0.8830123,1.0610706,-0.49650577,0.5667177,-0.31549
601,-0.518416,0.050345074,-0.031324342,-1.1592733,0.06087433
602,0.14121807,0.03983306,-0.1781193,-1.1934791,0.20598073
603,-0.033474706,-0.3115009,0.20727935,0.7823094,0.49067247
604,-1.1073414,-0.22801602,-0.38040265,-0.1115783,-0.28747955
605,-0.8456277,-0.09523177,0.9400769,-0.35860905,-0.5096425
606,0.79860145,-0.1429319,0.030336743,-0.7365039,0.045869302
607,-0.014254891,0.13893467,-0.52439237,-1.1895163,0.2620523
608,0.74267656,0.9535501,-0.3418143,0.81910807,-0.27123094
609,0.28996134,-0.36269963,1.6692631,0.08316752,-0.034186233
610,0.8337792,0.96713746,-0.6921646,0.31588304,-0.18010299
611,-0.54605603,-0.0025034249,0.6607465,-1.1407279,-0.22934718
612,-0.3599787,0.071128994,-0.69730335,-0.9410131,0.21047717
613,0.5399246,0.74959165,-0.012367565,1.2383803,-0.28483027
614,-0.9102722,-0.124780744,-0.6310844,-0.4332141,-0.08069922
615,0.23804058,-0.38401902,1.3149188,0.26071998,0.1325665
616,-0.58589923,-0.047784958,1.4776886,-0.54894817,-0.5366384
617,-0.7989052,-0.10098314,1.0479821,-0.3251726,-0.52545303
618,-0.45042259,0.08279453,-0.5365711,-1.0697094,0.20729205
619,-1.1773461,-0.32617515,-0.32044938,0.16874507,-0.404212
620,0.7726116,-0.15389389,0.05746495,-0.88656425,0.06458463
621,1.2059639,-0.16103578,0.23056607,-0.862784,-0.084635615
622,-0.4480757,-0.031191949,0.4546564,-1.1923338,-0.09951672
623,0.46246362,0.006860923,0.44285333,1.6154567,0.10276581
624,0.82205075,1.0231924,-0.41399375,0.7039609,-0.29645216
625,-1.1783577,-0.3312777,-0.26056457,0.1691439,-0.42027462
626,-0.6774155,-0.025673278,-0.6457544,-0.75820154,0.08607003
627,-1.053555,-0.3493988,-0.6663986,0.44062224,-0.22121347
628,-0.45042148,-0.027967583,0.40657756,-1.1831198,-0.079043046
629,-1.0882514,-0.30005133,-0.6469473,0.24635743,-0.2559368
630,0.071109414,-0.3472417,0.8765404,0.34407622,0.25148425
631,0.008460744,-0.3936921,0.3802739,0.6642206,0.48885953
632,0.59668326,0.6587213,-1.0242188,-0.009066595,0.16741301
633,0.021022283,0.15856764,-0.66621023,-1.0569229,0.2667697
634,-1.0466937,-0.10877168,0.3913311,-0.33132413,-0.40884066
635,-0.6226148,-0.0050082505,0.86483383,-0.92912966,-0.309448
636,-0.41353005,-0.010358956,0.27445075,-1.19023,-0.018812466
637,0.026205719,-0.3295205,0.89078397,0.29573852,0.20680155
638,0.20318152,-0.38062954,1.1904019,0.28678727,0.1730093
639,0.973915,-0.1860442,0.14953022,-0.6042912,-0.037943956
640,-0.6078111,0.036882885,-0.45309237,-0.9913295,0.117437586
641,0.14772819,-0.32546663,1.3521929,0.08934913,0.033947866
642,-0.5239064,0.0026106182,0.76634413,-1.1639414,-0.2622894
643,-0.48205903,0.06988759,-0.580483,-1.0145823,0.1960468
644,1.014534,-0.18178721,0.15448822,-0.72181726,-0.031471994
645,0.07756914,-0.40260828,0.55445725,0.6116046,0.45093483
646,0.73433757,0.95260674,-0.31751683,0.8559014,-0.28161922
647,-0.096715614,0.13997993,-0.6343647,-1.0999602,0.2674632
648,1.1729758,-0.17096159,0.20851898,-0.7899887,-0.07325518
649,0.40554845,0.09332125,-0.39789343,-1.1184834,0.24669723
650,0.42814988,0.123760134,0.3261215,1.4913019,0.051358175
651,0.05942145,-0.121472955,0.1836549,0.9979239,0.33574003
652,-0.61352986,-0.005285591,0.7375348,-0.99035954,-0.26459363
653,-1.0891708,-0.25204334,-0.5817951,0.007907044,-0.25603297
654,-0.9462972,-0.11457601,0.7440578,-0.2709201,-0.5063659
655,0.38118547,-0.18049702,0.4789051,1.5332209,0.2603227
656,0.43706858,0.5326737,0.048881896,1.2281811,-0.15136117
657,0.9502305,-0.1818082,0.14045471,-0.7565074,-0.009290248
658,-0.013108821,-0.37596512,0.29178226,0.7068562,0.51136446
659,-0.76783174,-0.106030494,1.1063175,-0.2997058,-0.52872115
660,-0.8824133,-0.2750575,-0.8771388,0.49680158,-0.016893826
661,-1.0572443,-0.23117435,-0.6599474,-0.0118329115,-0.21460606
662,-0.0021660188,0.3134991,-1.1426867,0.24951462,0.27826357
663,-1.0463758,-0.36032748,-0.6481558,0.47627264,-0.21162148
664,0.21060203,-0.41095135,1.0412569,0.44253963,0.2852186
665,0.31101674,0.122695416,-0.53032684,-1.0680575,0.25757158
666,-0.29255548,-0.03786676,-0.61630064,0.530921,0.37290636
667,0.15449588,-0.4260773,0.70657617,0.6196537,0.4436503
668,0.40542498,0.09809327,-0.43000168,-1.0883979,0.24657692
669,1.0102042,-0.18191445,0.1567101,-0.6350699,-0.04456571
670,0.11435196,-0.44338477,0.45535314,0.8007123,0.56170946
671,0.034958795,0.1448228,-0.58428216,-1.1505117,0.26808998
672,-0.860784,-0.13216677,0.87239164,-0.20688017,-0.5017911
673,-0.5471749,0.0044786613,0.87093884,-1.101432,-0.29730663
674,-1.1434741,-0.24559122,-0.24921192,-0.07935446,-0.3492092
675,-0.7466554,-0.11975652,1.1007099,-0.2475843,-0.50933003
676,-0.90509325,-0.118493035,0.83795476,-0.24820931,-0.51883775
677,-0.43621925,-0.03272448,0.4445925,-1.1948112,-0.089461654
678,0.4137971,0.40516263,0.16814388,1.3218864,-0.12324697
679,0.76797056,-0.1494196,0.047764637,-0.8845322,0.06724861
680,-1.0333688,-0.32225868,-0.72798747,0.40765926,-0.19811763
681,0.72248924,0.8418381,-0.762032,0.2755792,-0.047942072
682,-0.81526834,-0.1223166,0.9836007,-0.23604311,-0.5118685
683,0.45355785,0.36979654,0.22234163,1.4162143,-0.1189874
684,-0.8229045,-0.068263724,-0.46392444,-0.70822644,-0.02498142
685,-0.3840706,0.07816232,-0.66084486,-0.9825443,0.2159615
686,-0.82431823,-0.237418,-0.9488562,0.4779677,0.045566183
687,0.41583142,0.5403494,-1.0778358,0.044939026,0.256173
688,-1.031142,-0.17477055,-0.41190687,-0.32422012,-0.20298637
689,0.22973488,-0.36795247,1.3830228,0.18083633,0.07742958
690,-0.45037088,-0.024982024,0.4967666,-1.2050607,-0.1231451
691,0.13210183,-0.4043241,0.73300034,0.54441845,0.3975572
692,-0.21298917,0.18494159,-1.1477103,0.3095496,0.25712538
693,0.21776317,-0.34798214,1.4701496,0.09637684,0.016187381
694,-1.1703055,-0.25092882,0.010830244,-0.055989586,-0.44003582
695,-1.0124233,-0.13824373,0.6061683,-0.1820225,-0.5130142
696,0.14147831,-0.33684105,1.240445,0.15822501,0.093255386
697,-0.92385703,-0.106633335,0.77263814,-0.31223604,-0.49732494
698,0.41137257,0.19612975,0.26956037,1.4362435,0.011770684
699,0.19578828,-0.37464547,1.1978239,0.26312733,0.15860508
700,0.5562818,0.75843114,0.032510333,1.3023939,-0.32464767
701,0.781851,0.91891986,-0.6888252,0.34160498,-0.13478577
702,-0.87442845,-0.31274617,-0.6894358,0.53605545,-0.030551575
703,0.913284,1.0781119,-0.5534522,0.47670215,-0.31659824
704,0.7876956,0.9822903,-0.44797096,0.6644865,-0.25072065
705,0.34241542,-0.23533353,0.48126084,1.4804453,0.3231998
706,0.48924094,0.5755178,-1.0658758,0.0024385261,0.24492575
707,-0.95268124,-0.3156513,-0.787227,0.50270516,-0.09708491
708,0.33729646,-0.02761408,0.33618733,1.4033728,0.18667641
709,-0.98054177,-0.1295754,0.67746633,-0.20664419,-0.50933856
710,-0.95305914,-0.080201715,0.566361,-0.4418312,-0.417903
711,0.3808229,0.10771519,-0.4811178,-1.0667698,0.24830715
712,0.4809757,0.6816945,-0.10253946,1.1185397,-0.18203935
713,-0.76005673,-0.070180774,-0.687474,-0.6092828,0.03522687
714,-0.7274975,-0.17485687,-1.0376338,0.4430902,0.12846509
715,-0.023879692,-0.23156089,1.5021012,-0.0781612,-0.15873107
716,-0.00031755958,0.1472796,-0.64075637,-1.0974034,0.27089614
717,0.42672518,0.09659976,-0.4656537,-1.0156938,0.23618676
718,-0.13286887,-0.31768623,0.078928664,0.74119323,0.48659486
719,-0.23028196,0.17278835,-1.1518602,0.3141895,0.25493798
720,0.20349792,0.13799378,-0.57992506,-1.0893064,0.2646855
721,-1.04732,-0.12880203,0.52602243,-0.20346124,-0.49513328
722,-0.57270604,0.00086860545,0.7945511,-1.0736886,-0.27570754
723,0.74609125,0.27213988,-0.3251386,-0.38759255,-0.009693909
724,-0.38601214,-0.32243213,-0.21213594,0.64968544,0.3833223
725,0.11891535,-0.36393183,0.36901826,0.95248705,0.5070831
726,-0.8737431,-0.10119006,-0.60190123,-0.5497155,-0.053567227
727,0.1679018,-0.36435348,1.1542461,0.2505186,0.16098993
728,0.08604553,-0.07284655,0.17308469,1.0276958,0.30115998
729,-0.5665567,-0.0049766414,0.29948756,-1.1091242,-0.0806023
730,0.23019074,-0.35746977,1.4544466,0.1251866,0.03367025
731,0.53681713,0.4736894,0.29397327,1.5965538,-0.2519631
732,-0.51310766,-0.027560998,0.4254783,-1.1352481,-0.107788295
733,-0.19131623,0.12684195,-0.6375516,-1.0786445,0.2562492
734,-0.7381697,-0.065282166,-0.70948094,-0.6097743,0.051688995
735,0.5450331,0.027813558,-0.28633177,-0.9953048,0.18690456
736,-0.34999323,-0.0160999,0.27899164,-1.1932871,-0.009088103
737,-0.940875,-0.13328773,-0.46830302,-0.5051738,-0.12052153
738,0.78183293,0.9954281,-0.3562018,0.7936068,-0.29645762
739,-0.73054796,-0.030767594,-0.5691938,-0.7727219,0.047823746
740,-0.89230114,-0.08756277,0.7850715,-0.39925534,-0.46730876
741,0.4051314,0.086440444,-0.35105696,-1.1430016,0.24308653
742,-0.06223505,0.2783431,-1.1456407,0.27141565,0.27366152
743,0.17993475,-0.39480698,1.0064768,0.39421272,0.2684359
744,-1.1578634,-0.24371421,-0.13280116,-0.10009266,-0.37970245
745,0.4727283,0.0863294,0.40678656,1.6035218,0.04638656
746,-0.5517146,0.0015817676,0.7768349,-1.1146525,-0.26850882
747,-0.62249154,-0.31222776,0.344356,0.2967293,-0.083353624
748,-0.47391364,-0.025939029,0.39836016,-1.1624728,-0.08338803
749,0.67200315,0.766681,-0.86306506,0.17676853,0.044207316
750,-0.049810037,0.28521824,-1.1442047,0.26350367,0.2734486
751,-1.0815912,-0.23505795,-0.545616,-0.05388467,-0.24516033
752,-1.1926994,-0.30890384,-0.20242202,0.10096575,-0.42984593
753,0.049179927,-0.40410092,0.42143437,0.67411375,0.50027287
754,-0.6272464,-0.006868977,0.8211635,-0.92600954,-0.2956925
755,0.5977867,-0.1536253,0.13394114,-1.0379499,0.092650846
756,0.7205257,0.7943945,-0.92615163,0.059678234,0.022918034
757,-0.6293082,0.041052178,-0.22614302,-1.0585601,0.06452356
758,0.07211913,-0.40766594,0.49079034,0.6558149,0.48340994
759,-0.6118384,0.030033333,-0.5088839,-0.951844,0.1222119
760,0.09230947,0.37413326,-1.1398568,0.2090617,0.28176263
761,-0.5683589,-0.37642512,-0.22087976,0.6337846,0.21755199
762,0.9330525,-0.17951247,0.14806576,-0.7910894,-0.0035541132
763,-0.19119577,0.12371454,-0.4782911,-1.1877912,0.24670948
764,0.59771264,-0.16980398,0.07381686,-0.63706756,0.0705851
765,0.49882302,0.7056892,-0.14855404,1.0771548,-0.17547742
766,-0.8587444,-0.0742736,0.31503373,-0.7496106,-0.2146438
767,0.06457943,-0.34936213,0.8505373,0.35935804,0.26215926
768,0.85498947,1.034889,-0.50565654,0.5638888,-0.28585783
769,0.18060993,-0.41614985,0.88481474,0.50837284,0.3531767
770,-0.46446976,-0.021376777,0.5188578,-1.2020819,-0.13985226
771,-0.5347573,0.058827486,-0.10077789,-1.151896,0.07654151
772,-0.7002223,-0.056563724,1.2071155,-0.53339154,-0.49961907
773,0.7599774,0.98619205,-0.30110654,0.87431437,-0.3157454
774,0.42621627,0.093568295,-0.44006008,-1.054034,0.2402531
775,-0.75258905,-0.38941994,-0.262442,0.5780348,0.026061941
776,-0.7540273,-0.10489367,1.1260474,-0.30858773,-0.5250952
777,-0.633708,-0.09964512,-1.0775313,0.41986898,0.1663383
778,0.31632686,0.19399305,0.18982473,1.2759913,0.05624425
779,0.016554713,-0.32596222,0.28013033,0.79998356,0.49141157
780,-0.56981593,0.033300214,0.070184514,-1.1227751,0.002601307
781,0.12308496,-0.37067017,0.9029153,0.37885904,0.27620578
782,-0.4687873,0.040661283,-0.6871212,-0.887297,0.17867877
783,-0.884755,-0.09598529,-0.37983912,-0.6368477,-0.08177617
784,0.55674785,0.61661905,-1.0445117,-0.015924657,0.21034876
785,-0.84478956,-0.1389512,-0.88239115,-0.11822827,0.0025671609
786,0.05467367,-0.39727378,0.3653916,0.75891316,0.53145486
787,-0.5020998,-0.3553535,0.14871344,0.48683053,0.14634822
788,1.2093928,-0.15199038,0.23853926,-0.70641845,-0.1109184
789,-0.62898433,0.012302022,-0.579893,-0.8788218,0.11735773
790,-0.94325024,-0.1338036,0.7326415,-0.19703846,-0.5091165
791,-0.99861646,-0.3450675,-0.7124017,0.50724614,-0.15250465
792,-1.1089561,-0.20255989,0.27595073,-0.07429784,-0.52222514
793,0.5860571,0.64746845,-1.0291427,-0.010429133,0.17864524
794,0.4808067,0.025997877,0.4624242,1.6601019,0.074542046
795,-0.06206327,0.27922413,-1.1442183,0.27090105,0.27368695
796,0.49533758,0.57521254,-1.0607424,0.0037463848,0.24483167
797,0.6765389,0.7431609,-0.9691065,0.0218327,0.07616246
798,-0.8530181,-0.062943906,-0.20546716,-0.7308026,-0.081606366
799,0.5663758,0.7922845,-0.1294711,1.097234,-0.25087786
800,0.82270545,1.0677978,-0.2833493,0.89320844,-0.3861023
801,0.4705614,0.18141979,0.3491257,1.565257,-0.013869312
802,-0.46744978,-0.028591312,0.41658375,-1.1698358,-0.08872551
803,0.46396583,0.5666631,-1.0758421,0.0086789,0.24781056
804,-1.1145334,-0.25468993,-0.4570759,-0.01226012,-0.29748732
805,0.7743603,1.030962,-0.24196385,0.96516216,-0.37518075
806,0.67962945,0.9403051,-0.119384095,1.1168334,-0.36676782
807,0.14990522,-0.4071923,0.79616654,0.5231218,0.37636507
808,0.19971184,-0.35812846,1.325471,0.17393418,0.08642477
809,0.1702152,-0.41778386,0.82805246,0.5374397,0.37927186
810,-1.1128241,-0.24231386,-0.41064358,-0.05981508,-0.2958795
811,0.023061223,0.32846484,-1.1410586,0.23882784,0.2793814
812,-0.25476795,-0.1778349,1.5085337,-0.16247733,-0.31690526
813,0.63587606,-0.015187036,-0.21055399,-0.86834145,0.13659652
814,-0.91036314,-0.2879511,-0.8554138,0.49600536,-0.046869997
815,0.9450249,-0.18123642,0.14178137,-0.7660457,-0.00734894
816,-0.29465196,0.09782049,-0.6793337,-1.0026406,0.23062666
817,0.39092878,0.07831615,0.31703869,1.449122,0.09780231
818,0.16489919,-0.40600032,0.8723519,0.48384613,0.34233993
819,0.9845072,1.1521568,-0.52046144,0.50209546,-0.3909958
820,-0.98710275,-0.3166616,-0.7994328,0.47725832,-0.13408256
821,0.19260223,-0.34725723,1.3749105,0.12763949,0.05093677
822,0.7405426,0.98633176,-0.25849116,0.9468398,-0.33302
823,-0.79162437,-0.21762267,-0.9816998,0.4684602,0.079184726
824,-0.9111194,-0.120391384,0.82118124,-0.24286164,-0.51558036
825,0.74298644,-0.11418983,-0.010287808,-0.8842423,0.084042594
826,0.082292914,0.017967422,0.100020654,0.98701054,0.26137906
827,0.24015276,0.10985829,-0.38667694,-1.1969651,0.24932934
828,0.921661,-0.18512303,0.13402408,-0.7174016,-0.006147798
829,-0.50032246,-0.01879112,0.36636114,-1.1440332,-0.08084209
830,0.36466405,0.52172756,-1.0935133,0.06801642,0.2594077
831,0.06546734,0.3573127,-1.1323715,0.22551283,0.2841258
832,0.80623466,1.030118,-0.33228746,0.82293904,-0.33491927
833,-0.7831152,-0.105629146,1.0787276,-0.30164343,-0.52841455
834,1.2252147,-0.15273106,0.23976941,-0.7368091,-0.109331
835,0.8158974,0.979085,-0.59252226,0.46019578,-0.21040128
836,-0.4898332,-0.022205014,0.5065864,-1.1766008,-0.14123896
837,0.5308795,0.58634603,-1.0380746,0.0038413876,0.230417
838,-0.898287,-0.27959955,-0.8754261,0.49258098,-0.032915477
839,1.2386653,-0.15848328,0.2418903,-0.8627143,-0.09735702
840,-0.096054144,0.14004607,-0.63460225,-1.0998136,0.26747113
841,-0.6854486,-0.0329117,1.1377343,-0.66700995,-0.44828784
842,0.5806205,0.6417731,-1.0257109,-0.004534581,0.18233667
843,-1.060869,-0.3708781,-0.5969114,0.46895286,-0.2334189
844,0.09421021,-0.32377994,0.31725186,0.9678981,0.48174614
845,-1.1395915,-0.37825385,-0.3730259,0.3534903,-0.36987466
846,0.5208704,0.5872278,-1.0546194,-0.006345242,0.23789833
847,-0.45216176,0.08192854,-0.5439995,-1.0628476,0.20719145
848,0.68341017,0.9355601,-0.15987729,1.0670775,-0.34360242
849,0.86317223,-0.17459632,0.13950302,-0.89788,0.026564527
850,-0.29494599,0.13422956,-1.1489867,0.33007312,0.24776585
851,0.23844783,-0.1040699,0.3060202,1.27197,0.27058452
852,-1.1176598,-0.20332928,0.25210714,-0.07597422,-0.5191115
853,0.06075445,-0.28472707,0.2721781,0.95684177,0.44964102
854,0.56876254,0.69045585,-0.7911019,0.3221596,0.093649596
855,-0.8925387,-0.25783515,-0.92847586,0.4611253,-0.026018273
856,0.73247766,0.89680177,-0.613532,0.46445626,-0.12655348
857,-0.9201018,-0.29488668,-0.83716935,0.4986768,-0.05861689
858,0.07038823,0.20513512,-0.69975436,-0.9783997,0.24901573
859,0.93672633,1.1083065,-0.50546396,0.53648174,-0.3590495
860,0.3136135,0.120170444,-0.45375884,-1.1528119,0.25405526
861,-0.33931953,-0.34786072,-0.08932317,0.66285175,0.3963877
862,-0.76621586,-0.103961736,1.1091154,-0.31073418,-0.5278182
863,-0.5321618,0.03199718,-0.6519782,-0.89014506,0.16351064
864,0.52506554,0.03993258,-0.31779066,-1.0078671,0.1974357
865,0.46435487,0.29349452,0.2748915,1.4881845,-0.07798006
866,0.3467829,0.5128725,-1.0951598,0.08079601,0.2621743
867,0.4712913,0.5644372,-1.0659701,0.014346831,0.2505474
868,-0.552553,-0.0031221695,0.6489903,-1.1321732,-0.22632177
869,0.7570355,0.8295995,-0.94505197,0.018882018,-0.0036877058
870,-0.7720741,-0.09226672,-0.7898203,-0.44226605,0.03577021
871,0.3426351,-0.15409401,0.42194074,1.454747,0.2631917
872,-0.7334843,-0.099758,1.1981561,-0.3215587,-0.5422175
873,1.6228213,-0.090413645,0.41803107,-0.98919564,-0.256975
874,0.11822006,-0.3558122,0.9888323,0.30768,0.22028042
875,0.7592255,0.8840787,-0.7384968,0.28636888,-0.09039984
876,0.20865305,-0.36227515,1.3328056,0.18089414,0.087889925
877,-1.0440818,-0.3162526,-0.7071541,0.3661427,-0.21636018
878,0.005869477,-0.2874023,1.1363732,0.10293566,0.05071858
879,-0.34444678,0.102413714,-1.1511182,0.34236965,0.24152286
880,-0.6525044,-0.012844019,0.7785955,-0.8822685,-0.29147667
881,0.5327464,0.022978956,-0.23303954,-1.0683601,0.19414449
882,0.34711102,0.11993235,-0.52795285,-1.0287548,0.24827634
883,0.20749058,0.09613289,0.16344574,1.1539624,0.15473223
884,0.6767814,0.87089145,-0.40287963,0.75064933,-0.17530863
885,0.3060703,-0.2062008,0.4242113,1.4152161,0.3108997
886,0.07947299,0.36523777,-1.1336846,0.21646343,0.28350753
887,-0.6615636,-0.103482366,1.3252853,-0.2961163,-0.5463082
888,-0.04002481,-0.2013506,0.07651129,0.8187935,0.44679654
889,-0.77752763,-0.21941361,-0.94611055,0.47470185,0.0885105
890,0.19576679,-0.36218086,1.2807093,0.19994892,0.109018
891,-0.28617862,-0.36030546,0.08757866,0.63043934,0.37849897
892,-0.39726943,-0.0050578527,0.68046826,-1.2820872,-0.20608212
893,0.67880857,0.9343529,-0.15092279,1.08067,-0.34627205
894,-0.7159613,-0.090883404,1.2361966,-0.3601348,-0.5431236
895,-0.24011175,-0.2710401,0.9137931,0.11430189,-0.008759979
896,0.6621231,0.72672427,-0.987743,0.004336857,0.09554288
897,-0.9721082,-0.3128068,-0.80645233,0.48394236,-0.11685762
898,-0.49054995,-0.03003699,0.45125338,-1.1570425,-0.111340284
899,-1.0622032,-0.33820182,-0.6633785,0.39317942,-0.23616919
900,0.8750702,-0.1872788,0.121256165,-0.70994014,0.0065675005
901,0.2836683,0.12868664,-0.52379763,-1.1045458,0.2589343
902,0.14132352,0.39547774,-1.1016318,0.22543915,0.2977411
903,-1.113877,-0.17408125,0.30630967,-0.13052194,-0.50450873
904,0.20214199,-0.37521163,1.2203621,0.25829902,0.15159878
905,-1.1205952,-0.20546097,0.23497745,-0.07733349,-0.5104487
906,0.42561278,0.50526184,0.068938985,1.2402339,-0.14223906
907,0.7847771,1.0277549,-0.27454236,0.9126082,-0.35893458
908,1.0766906,-0.17199576,0.1846049,-0.65889025,-0.066826984
909,1.2084732,-0.16570294,0.2235506,-0.8137268,-0.08577442
910,-0.79612345,-0.08870581,-0.7128539,-0.5210263,0.012603771
911,0.81239074,-0.18149896,0.10898647,-0.8165804,0.036956344
912,-0.6812401,0.0026166644,-0.48223135,-0.89274335,0.072763264
913,0.28160357,-0.37292805,1.5679413,0.14088771,0.018244322
914,-0.7246007,-0.027937945,0.7607254,-0.77255017,-0.33062482
915,-0.4074919,0.053451225,-0.70537823,-0.90301657,0.19684379
916,-0.5170307,-0.012554292,-1.1294347,0.37879172,0.20263763
917,-0.7473062,-0.05279628,-0.6300407,-0.6921975,0.038401645
918,0.4286589,0.29563463,0.23269202,1.4053426,-0.058085058
919,-1.0563279,-0.23528633,-0.67734283,0.011828724,-0.21543008
920,0.7648362,0.9510999,-0.49818006,0.6062214,-0.2064522
921,0.17487325,-0.4465051,0.68803704,0.68948483,0.4817552
922,0.8489778,0.95404154,-0.77849394,0.19459057,-0.15398401
923,-0.69837606,-0.15114285,-1.0519013,0.4352043,0.14091836
924,0.13731241,-0.19534652,0.2767513,1.1112262,0.37039578
925,-0.0280236,-0.31688625,0.2182147,0.7785962,0.492509
926,0.09396416,-0.11422485,0.2071363,1.0593495,0.32107458
927,0.48082757,0.42673758,0.22301814,1.4414465,-0.17026044
928,-1.0789694,-0.17521277,-0.101334594,-0.31703803,-0.28791636
929,0.50304407,0.5740162,-1.0335224,0.03958627,0.24749838
930,0.5295254,0.12189332,0.4815159,1.7502729,-0.025654014
931,-0.012160004,-0.30225596,0.22923009,0.8046454,0.48231953
932,-0.9877337,-0.33405578,-0.7442914,0.5009057,-0.1382573
933,-0.99409044,-0.14862624,-0.33485967,-0.44104105,-0.18183108
934,0.47122213,0.0658173,-0.35403332,-1.0617639,0.22282206
935,0.8182625,1.0253421,-0.38008904,0.74959344,-0.30992395
936,0.17894933,-0.02123655,0.0066804383,-1.1704721,0.15565561
937,0.527514,0.2673319,-0.603711,-0.7176539,0.17027266
938,0.254387,0.13491568,-0.5165272,-1.1362531,0.26009822
939,0.664184,0.9082874,-0.17639957,1.0471774,-0.3146881
940,-0.95903516,-0.14559646,-0.52401745,-0.42477125,-0.12920612
941,0.14710127,0.042752683,0.118652396,1.0262187,0.22626887
942,-0.52368844,0.065898836,-0.35803387,-1.1099204,0.14703058
943,0.76701844,0.9783299,-0.35775623,0.79418164,-0.2823187
944,0.013883351,-0.10349804,0.051858544,0.8611704,0.38386297
945,0.7572215,0.962341,-0.36142766,0.78718287,-0.2694177
946,0.86333716,0.96440387,-0.7959814,0.1685961,-0.15721251
947,-0.12915759,0.23733233,-1.1453949,0.28801048,0.2663054
948,-1.060377,-0.14600848,0.47973442,-0.17009117,-0.5068144
949,0.7844078,0.9652629,-0.53037614,0.5565611,-0.2101661
950,0.18429838,-0.40640873,0.9573949,0.45126408,0.30811018
951,-0.75048465,-0.087729454,1.1064837,-0.3965866,-0.50500077
952,-0.514925,-0.019234307,0.3744154,-1.1356912,-0.089437544
953,1.3793621,-0.13397358,0.30372694,-0.8967001,-0.15746544
954,-1.051649,-0.16013893,-0.12992305,-0.3747372,-0.25578058
955,0.25573787,-0.24683449,0.40954655,1.3331152,0.35972106
956,1.3706609,-0.13127318,0.30679792,-0.8259639,-0.16244823
957,0.23451935,-0.34431142,1.5634657,0.06227108,-0.021728698
958,0.26329958,0.1330906,-0.52520627,-1.1191733,0.2601339
959,-0.10161156,0.13837026,-0.5976634,-1.1289158,0.2651051
960,0.024978548,-0.39433596,0.43173742,0.6414265,0.47319382
961,-0.74453384,-0.059729274,1.053648,-0.5354636,-0.46357834
962,0.035984576,-0.32279238,0.2881059,0.8617684,0.48802382
963,0.68726194,-0.039115723,-0.17258745,-0.79873097,0.10943726
964,-0.033829622,-0.3812372,0.2937104,0.6821897,0.501535
965,-0.82674336,-0.07440217,-0.56292415,-0.6617741,-0.018952306
966,-0.6997818,-0.02278823,-0.59290856,-0.7845828,0.069443196
967,-1.0405264,-0.36709645,-0.6304883,0.4938882,-0.20566006
968,0.17826979,-0.3991115,0.9747933,0.42015663,0.28768718
969,-1.1280596,-0.35736182,-0.46528962,0.32240763,-0.34448913
970,0.5935623,0.8310454,-0.06936748,1.16238,-0.3112901
971,-0.94070035,-0.3185422,-0.76688445,0.51459754,-0.086328626
972,0.92586756,-0.19246015,0.12634826,-0.60599464,-0.018822607
973,-0.54161257,0.059264287,-0.47282884,-1.0416005,0.16137324
974,0.47067407,0.5653736,-1.0665169,0.0151164755,0.25053018
975,0.47194964,0.56338936,-1.0604327,0.02265837,0.25242916
976,-0.84580684,-0.07017906,-0.32249698,-0.7156082,-0.05939095
977,-0.44235858,-0.02931432,0.41116372,-1.1888667,-0.078117654
978,0.05590391,-0.34409076,0.8671131,0.3407576,0.24569269
979,-0.7865018,-0.11074385,1.0618136,-0.2836382,-0.5229164
980,0.5437436,-0.20641585,0.13097614,-0.5088669,0.06480555
981,0.3286132,0.5040891,-1.0977547,0.09246288,0.26458716
982,-1.0353363,-0.31124717,-0.72410977,0.3688589,-0.20542584
983,-1.112515,-0.30688742,-0.5838594,0.22199245,-0.28728387
984,0.7416543,0.9273006,-0.49552062,0.6165505,-0.1878606
985,0.1351681,-0.40523455,0.7417981,0.5425683,0.39521414
986,0.48528105,0.053980626,0.4509896,1.6577916,0.05427554
987,-0.46018898,0.07845244,-0.57592344,-1.0365318,0.20618007
988,-0.5390848,0.022070196,-0.6760089,-0.85463643,0.15488766
989,0.499278,0.16836312,0.4020997,1.6457446,-0.028594662
990,0.17857133,-0.36903915,1.1649388,0.25829992,0.16281602
991,-0.047485642,-0.29535773,0.17501134,0.79615694,0.48646033
992,0.21646525,-0.359761,1.3814424,0.15816557,0.066946715
993,0.07318416,-0.26954383,1.4416835,-0.035311215,-0.065916225
994,0.45001328,0.3285681,0.23676813,1.4276948,-0.089437515
995,1.2231688,-0.15832077,0.23014025,-0.78019375,-0.09712325
996,-0.7476849,-0.073365465,1.0967816,-0.4627076,-0.49344885
997,0.3270989,0.27340212,0.15976226,1.2495152,0.0002927594
998,-0.6690533,0.021810872,-0.28151408,-0.9953594,0.053925846
999,0.098133385,-0.3596172,0.86928636,0.37358654,0.2768101
